SIN,URL
A065509292,https://www.sears.com/karastan-enigma-vibration-dove-5'-3inchx7'-10inch/p-A065509292
A065507785,https://www.sears.com/karastan-enigma-metamorphic-clay-5'-3inchx7'-10inch/p-A065507785
A033237368,https://www.sears.com/karastan-prima-shag/p-A033237368
A049187554,https://www.sears.com/clearance-momeni-cannecan-can-1-710x112-grey-area/p-A049187554
A033238775,https://www.sears.com/karastan-prima-shag/p-A033238775
A033236920,https://www.sears.com/karastan-prima-shag/p-A033236920
A026635038,https://www.sears.com/karastan-prima-shag-fassi-woven-rug-5'3x7'7-ivory/p-A026635038
SPM12225460604,https://www.sears.com/tggc-5-sectional-tea-box-home-kitchen-cookware/p-SPM12225460604
A065506661,https://www.sears.com/karastan-prima-shag-ivory-10'-6inchx13'-2inch/p-A065506661
A065506002,https://www.sears.com/karastan-artisan-equilibrium-brushed-gold-by-scott-living/p-A065506002
A065508800,https://www.sears.com/karastan-artisan-celeste-brushed-gold-by-scott-living/p-A065508800
A033238123,https://www.sears.com/karastan-touchstone/p-A033238123
A011252367,https://www.sears.com/united-weavers-of-america-legends-double-tigers-area/p-A011252367
